{"groups":{"#252525":{"label":"","paths":["Fermanagh_and_South_Tyrone","West_Tyrone","Foyle","East_Londonderry","Mid_Ulster","Bristol_Central","Bristol_North_West","Bristol_North_East","Filton_and_Bradley_Stoke","Thornbury_and_Yate","Weston_super_Mare","Wells_and_Mendip_Hills","Frome_and_East_Somerset","Glastonbury_and_Somerton","Yeovil","North_Ayrshire_and_Arran","Central_Ayrshire","Kilmarnock_and_Loudoun","Ayr__Carrick_and_Cumnock","Dumfries_and_Galloway","Dunfermline_and_Dollar","Cowdenbeath_and_Kirkcaldy","Glenrothes_and_Mid_Fife","North_East_Fife","Cumbernauld_and_Kirkintilloch","Airdrie_and_Shotts","Coatbridge_and_Bellshill","Motherwell__Wishaw_and_Carluke","North_Northumberland","Hexham","Cramlington_and_Killingworth","Blyth_and_Ashington","Darlington","Stockton_West","Stockton_North","Middlesbrough_and_Thornaby_East","Middlesbrough_South_and_East_Cleveland","Redcar","Wetherby_and_Easingwold","Harrogate_and_Knaresborough","York_Outer","York_Central","Selby","Scunthorpe","Brigg_and_Immingham","Great_Grimsby_and_Cleethorpes","Gainsborough","Lincoln","North_West_Norfolk","Broadland_and_Fakenham","North_Norfolk","Great_Yarmouth","Norwich_North","Ely_and_East_Cambridgeshire","St_Neots_and_Mid_Cambridgeshire","South_Cambridgeshire","Cambridge","Hereford_and_South_Herefordshire","North_Herefordshire","South_Shropshire","Shrewsbury","North_Shropshire","The_Wrekin","Telford","Cardiff_South_and_Penarth","Cardiff_East","Cardiff_West","Cardiff_North","Vale_of_Glamorgan","Bridgend","Chester_North_and_Neston","Ellesmere_Port_and_Bromborough","Wirral_West","Birkenhead","Wallasey","Morecambe_and_Lunesdale","Lancaster_and_Wyre","Blackpool_North_and_Fleetwood","Blackpool_South","Fylde","Preston","Ribble_Valley","Keighley_and_Ilkley","Shipley","Bradford_South","Bradford_West","Bradford_East","Ashton-under-Lyne","Stalybridge_and_Hyde","Gorton_and_Denton","Stockport","Hazel_Grove","Cheadle","Leigh_and_Atherton","Bolton_West","Bolton_South_and_Walkden","Bolton_North_East","Worsley_and_Eccles","Salford","Sheffield_Brightside_and_Hillsborough","Sheffield_Central","Sheffield_Heeley","Sheffield_South_East","Stratford-on-Avon","Warwick_and_Leamington","Kenilworth_and_Southam","Rugby","Nuneaton","North_Warwickshire_and_Bedworth","South_Derbyshire","Derby_South","Derby_North","Mid_Derbyshire","Erewash","Wolverhampton_West","Wolverhampton_North_East","Wolverhampton_South_East","Walsall_and_Bloxwich","Aldridge-Brownhills","Leicester_West","Leicester_South","Harborough__Oadby_and_Wigston","Leicester_East","Melton_and_Syston","Rutland_and_Stamford","Milton_Keynes_North","Milton_Keynes_Central","Buckingham_and_Bletchley","Aylesbury","Newbury","Reading_West_and_Mid_Berkshire","Reading_Central","Earley_and_Woodley","Wokingham","Bracknell","Rochester_and_Strood","Chatham_and_Aylesford","Maidstone_and_Malling","Faversham_and_Mid_Kent","Sittingbourne_and_Sheppey","Gillingham_and_Rainham","Fareham_and_Waterlooville","Gosport","Portsmouth_South","Portsmouth_North","Havant","Erith_and_Thamesmead","Bexleyheath_and_Crayford","Old_Bexley_and_Sidcup","Bromley_and_Biggin_Hill","Orpington","Eltham_and_Chislehurst","Wimbledon","Mitcham_and_Morden","Sutton_and_Cheam","Carshalton_and_Wallington","Ealing_Southall","Ealing_North","Hayes_and_Harlington","Uxbridge_and_South_Ruislip","Ruislip__Northwood_and_Pinner","Southgate_and_Wood_Green","Enfield_North","Edmonton_and_Winchmore_Hill","Hornsey_and_Friern_Barnet","Tottenham"]},"#525252":{"label":"","paths":["North_Antrim","East_Antrim","South_Antrim","Plymouth_Moor_View","Plymouth_Sutton_and_Devonport","South_West_Devon","South_Devon","Torbay","West_Dorset","North_Dorset","Mid_Dorset_and_North_Poole","South_Dorset","Taunton_and_Wellington","Bridgwater","Tiverton_and_Minehead","North_Devon","Moray_West__Nairn_and_Strathspey","Gordon_and_Buchan","Aberdeenshire_North_and_Moray_East","West_Aberdeenshire_and_Kincardine","Aberdeen_South","Aberdeen_North","West_Dunbartonshire","Glasgow_West","Glasgow_North","Mid_Dunbartonshire","Alloa_and_Grangemouth","Bathgate_and_Linlithgow","Falkirk","Livingston","Glasgow_North_East","Washington_and_Gateshead_South","Houghton_and_Sunderland_South","Sunderland_Central","South_Shields","Jarrow_and_Gateshead_East","Gateshead_Central_and_Whickham","Richmond_and_Northallerton","Skipton_and_Ripon","Thirsk_and_Malton","Scarborough_and_Whitby","Central_Suffolk_and_North_Ipswich","Waveney_Valley","Suffolk_Coastal","Lowestoft","North_East_Cambridgeshire","Peterborough","North_West_Cambridgeshire","Huntingdon","Brecon__Radnor_and_Cwm_Tawe","Caerfyrddin","Ceredigion_Preseli","Mid_and_South_Pembrokeshire","Llanelli","Alyn_and_Deeside","Clwyd_East","Wrexham","Clwyd_North","Widnes_and_Halewood","St_Helens_South_and_Whiston","Liverpool_Garston","Knowsley","Warrington_North","Warrington_South","Calder_Valley","Halifax","Colne_Valley","Huddersfield","Doncaster_North","Doncaster_Central","Doncaster_East_and_the_Isle_of_Axholme","Rawmarsh_and_Conisbrough","Rother_Valley","Rotherham","Banbury","Bicester_and_Woodstock","Witney","Didcot_and_Wantage","Oxford_West_and_Abingdon","Oxford_East","Henley_and_Thame","Smethwick","Halesowen","Stourbridge","Dudley","Tipton_and_Wednesbury","West_Bromwich","Hinckley_and_Bosworth","Mid_Leicestershire","Loughborough","North_West_Leicestershire","South_Leicestershire","Hitchin","Stevenage","Welwyn_Hatfield","North_East_Hertfordshire","Broxbourne","Hertford_and_Stortford","Godalming_and_Ash","Guildford","Woking","Surrey_Heath","Aldershot","Farnham_and_Bordon","Chelmsford","Maldon","Rayleigh_and_Wickford","Castle_Point","Southend_West_and_Leigh","Southend_East_and_Rochford","Sussex_Weald","Bexhill_and_Battle","Hastings_and_Rye","Eastbourne","Lewes","East_Grinstead_and_Uckfield","East_Thanet","Herne_Bay_and_Sandwich","Canterbury","Dover_and_Deal","Romsey_and_Southampton_North","Southampton_Test","Southampton_Itchen","Eastleigh","Hamble_Valley","Streatham_and_Croydon_North","Croydon_West","Croydon_South","Croydon_East","Beckenham_and_Penge","Richmond_Park","Kingston_and_Surbiton","Twickenham","Brentford_and_Isleworth","Feltham_and_Heston","Brent_East","Brent_West","Harrow_West","Harrow_East","Hendon","Finchley_and_Golders_Green","Chipping_Barnet","Chingford_and_Woodford_Green","Walthamstow","Leyton_and_Wanstead","Stratford_and_Bow","West_Ham_and_Beckton","East_Ham","Lagan_Valley"]},"#bdbdbd":{"label":"","paths":["Belfast_North","Belfast_West","Belfast_South_and_Mid_Down","Belfast_East","South_East_Cornwall","North_Cornwall","St_Austell_and_Newquay","Truro_and_Falmouth","St_Ives","Camborne_and_Redruth","Poole","Bournemouth_West","Bournemouth_East","Christchurch","Salisbury","East_Wiltshire","Melksham_and_Devizes","South_West_Wiltshire","Orkney_and_Shetland","Caithness__Sutherland_and_Easter_Ross","Inverness__Skye_and_West_Ross-shire","Argyll__Bute_and_South_Lochaber","Na_h-Eileanan_an_Iar","Edinburgh_South","Edinburgh_South_West","Edinburgh_West","Edinburgh_North_and_Leith","Edinburgh_East_and_Musselburgh","East_Kilbride_and_Strathaven","Hamilton_and_Clyde_Valley","Rutherglen","Glasgow_East","Carlisle","Penrith_and_Solway","Westmorland_and_Lonsdale","Barrow_and_Furness","Whitehaven_and_Workington_","Newcastle_upon_Tyne_Central_and_West","Newcastle_upon_Tyne_North","Newcastle_upon_Tyne_East_and_Wallsend","Tynemouth","Goole_and_Pocklington","Beverley_and_Holderness","Bridlington_and_The_Wolds","Kingston_upon_Hull_East","Kingston_upon_Hull_North_and_Cottingham","Kingston_upon_Hull_West_and_Haltemprice","Sleaford_and_North_Hykeham","Grantham_and_Bourne","South_Holland_and_The_Deepings","Boston_and_Skegness","Louth_and_Horncastle","South_West_Norfolk","Mid_Norfolk","South_Norfolk","Norwich_South","Braintree","Witham","Colchester","Harwich_and_North_Essex","Clacton","North_West_Essex","North_Cotswolds","Cheltenham","Tewkesbury","Forest_of_Dean","Stroud","Gloucester","Merthyr_Tydfil_and_Aberdare","Caerphilly","Pontypridd","Rhondda_and_Ogmore","Bangor_Aberconwy","Dwyfor_Meirionnydd","Montgomeryshire_and_Glyndwr","Ynys_Môn","West_Lancashire","South_Ribble","Chorley","Makerfield","St_Helens_North","Wigan","Pontefract__Castleford_and_Knottingley","Normanton_and_Hemsworth","Wakefield_and_Rothwell","Ossett_and_Denby_Dale","Spen_Valley","Dewsbury_and_Batley","Oldham_East_and_Saddleworth","Oldham_West__Chadderton_and_Royton","Rochdale","Heywood_and_Middleton_North","Bury_South","Bury_North","Blackley_and_Middleton_South","Runcorn_and_Helsby","Chester_South_and_Eddisbury","Crewe_and_Nantwich","Mid_Cheshire","Congleton","Tatton","Macclesfield","Burton_and_Uttoxeter","Stone__Great_Wyrley_and_Penkridge","Lichfield","Cannock_Chase","Tamworth","Kingswinford_and_South_Staffordshire","Solihull_West_and_Shirley","Birmingham_Selly_Oak","Birmingham_Northfield","Birmingham_Edgbaston","Birmingham_Hall_Green_and_Moseley","Birmingham_Yardley","Rushcliffe","Broxtowe","Nottingham_South","Nottingham_North_and_Kimberley","Nottingham_East","Gedling","South_Northamptonshire","Daventry","Northampton_South","Northampton_North","Corby_and_East_Northamptonshire","Kettering","Wellingborough_and_Rushden","South_West_Hertfordshire","Watford","Hemel_Hempstead","Harpenden_and_Berkhamsted","St_Albans","Hertsmere","Slough","Windsor","Runnymede_and_Weybridge","Spelthorne","Esher_and_Walton","Sevenoaks","Tonbridge","Dartford","Gravesham","Chichester","Arundel_and_South_Downs","Horsham","Crawley","Mid_Sussex","Barking","Dagenham_and_Rainham","Hornchurch_and_Upminster","Romford","Ilford_South","Ilford_North","Bermondsey_and_Old_Southwark","Peckham","Lewisham_West_and_East_Dulwich","Lewisham_East","Lewisham_North","Greenwich_and_Woolwich","Ealing_Central_and_Acton","Hammersmith_and_Chiswick","Kensington_and_Bayswater","Queen_s_Park_and_Maida_Vale","Chelsea_and_Fulham"]},"#f0f0f0":{"label":"","paths":["Upper_Bann","Newry_and_Armagh","South_Down","Strangford","North_Down","Newton_Abbot","Central_Devon","Exeter","Exmouth_and_Exeter_East","Honiton_and_Sidmouth","Torridge_and_Tavistock","New_Forest_West","New_Forest_East","Isle_of_Wight_West","Isle_of_Wight_East","North_Somerset","North_East_Somerset_and_Hanham","Bath","Bristol_South","Bristol_East","Angus_and_Perthshire_Glens","Perth_and_Kinross-shire","Dundee_Central","Arbroath_and_Broughty_Ferry","Stirling_and_Strathallan","Dumfriesshire__Clydesdale_and_Tweeddale","Berwickshire__Roxburgh_and_Selkirk","Midlothian","Lothian_East","Inverclyde_and_Renfrewshire_West","Paisley_and_Renfrewshire_North","Paisley_and_Renfrewshire_South","East_Renfrewshire","Glasgow_South_West","Glasgow_South","Bishop_Auckland","Newton_Aycliffe_and_Spennymoor","City_of_Durham","Easington","Hartlepool","North_Durham","Blaydon_and_Consett","Bury_St_Edmunds_and_Stowmarket","West_Suffolk","Ipswich","South_Suffolk","South_Cotswolds","Chippenham","Swindon_South","Swindon_North","West_Worcestershire","Worcester","Droitwich_and_Evesham","Redditch","Bromsgrove","Wyre_Forest","Monmouthshire","Torfaen","Newport_East","Newport_West_and_Islwyn","Blaenau_Gwent_and_Rhymney","Gower","Swansea_West","Neath_and_Swansea_East","Aberafan_Maesteg","Blackburn","Rossendale_and_Darwen","Hyndburn","Burnley","Pendle_and_Clitheroe","Sefton_Central","Bootle","Liverpool_Walton","Liverpool_West_Derby","Liverpool_Wavertree","Liverpool_Riverside","Southport","Leeds_North_West","Leeds_North_East","Leeds_Central_and_Headingley","Leeds_West_and_Pudsey","Leeds_South_West_and_Morley","Leeds_South","Leeds_East","Manchester_Central","Manchester_Rusholme","Stretford_and_Urmston","Manchester_Withington","Wythenshawe_and_Sale_East","Altrincham_and_Sale_West","Penistone_and_Stocksbridge","Barnsley_North","Barnsley_South","Sheffield_Hallam","Staffordshire_Moorlands","Stoke-on-Trent_North","Newcastle-under-Lyme","Stoke-on-Trent_Central","Stafford","Stoke-on-Trent_South","Meriden_and_Solihull_East","Coventry_North_West","Coventry_South","Coventry_East","Bassetlaw","Newark","Sherwood_Forest","Mansfield","Ashfield","North_Bedfordshire","Bedford","Mid_Bedfordshire","Dunstable_and_Leighton_Buzzard","Luton_North","Luton_South_and_South_Bedfordshire","Mid_Buckinghamshire","Wycombe","Chesham_and_Amersham","Beaconsfield","Maidenhead","Epsom_and_Ewell","Dorking_and_Horley","Reigate","East_Surrey","Thurrock","South_Basildon_and_East_Thurrock","Basildon_and_Billericay","Brentwood_and_Ongar","Epping_Forest","Harlow","Bognor_Regis_and_Littlehampton","Worthing_West","East_Worthing_and_Shoreham","Hove_and_Portslade","Brighton_Pavilion","Brighton_Kemptown_and_Peacehaven","Tunbridge_Wells","Weald_of_Kent","Ashford","Folkestone_and_Hythe","North_West_Hampshire","Basingstoke","North_East_Hampshire","East_Hampshire","Winchester","Putney","Tooting","Battersea","Clapham_and_Brixton_Hill","Dulwich_and_West_Norwood","Vauxhall_and_Camberwell_Green","Poplar_and_Limehouse","Bethnal_Green_and_Stepney","Hackney_South_and_Shoreditch","Hackney_North_and_Stoke_Newington"]},"#000000":{"label":"","paths":["High_Peak","Derbyshire_Dales","North_East_Derbyshire","Chesterfield","Bolsover","Amber_Valley","Birmingham_Perry_Barr","Birmingham_Ladywood","Birmingham_Hodge_Hill_and_Solihull_North","Birmingham_Erdington","Sutton_Coldfield","Islington_North","Hampstead_and_Highgate","Holborn_and_St_Pancras","Cities_of_London_and_Westminster","Islington_South_and_Finsbury"]}},"title":"","hidden":[],"background":"#d1e5f0","borders":"#737373","legendFont":"Century Gothic","legendFontColor":"#000","legendBorderColor":"#00000000","legendBgColor":"#00000000","legendWidth":141.2487335205078,"legendBoxShape":"square","areBordersShown":false,"defaultColor":"#fddaec","labelsColor":"#6a0707","labelsFont":"Arial","strokeWidth":"medium","areLabelsShown":false,"uncoloredScriptColor":"#ffff33","v6":true,"page":"uk-election","legendPosition":"custom","legendX":0,"legendY":767.2579423354182,"legendSize":"medium","legendTranslateX":"0.00","legendStatus":"show","scalingPatterns":true,"legendRowsSameColor":true,"legendColumnCount":1}